Arts & Entertainment;Arts & Entertainment;4d4b7104d754a06370d81259
Arts & Entertainment;Amphitheater;56aa371be4b08b9a8d5734db
Arts & Entertainment;Aquarium;4fceea171983d5d06c3e9823
Arts & Entertainment;Arcade;4bf58dd8d48988d1e1931735
Arts & Entertainment;Art Gallery;4bf58dd8d48988d1e2931735
Arts & Entertainment;Bowling Alley;4bf58dd8d48988d1e4931735
Arts & Entertainment;Casino;4bf58dd8d48988d17c941735
Arts & Entertainment;Circus;52e81612bcbc57f1066b79e7
Arts & Entertainment;Comedy Club;4bf58dd8d48988d18e941735
Arts & Entertainment;Concert Hall;5032792091d4c4b30a586d5c
Arts & Entertainment;Country Dance Club;52e81612bcbc57f1066b79ef
Arts & Entertainment;Disc Golf;52e81612bcbc57f1066b79e8
Arts & Entertainment;Exhibit;56aa371be4b08b9a8d573532
Arts & Entertainment;General Entertainment;4bf58dd8d48988d1f1931735
Arts & Entertainment;Go Kart Track;52e81612bcbc57f1066b79ea
Arts & Entertainment;Historic Site;4deefb944765f83613cdba6e
Arts & Entertainment;Karaoke Box;5744ccdfe4b0c0459246b4bb
Arts & Entertainment;Laser Tag;52e81612bcbc57f1066b79e6
Arts & Entertainment;Memorial Site;5642206c498e4bfca532186c
Arts & Entertainment;Mini Golf;52e81612bcbc57f1066b79eb
Arts & Entertainment;Movie Theater;4bf58dd8d48988d17f941735
Arts & Entertainment;Drive-in Theater;56aa371be4b08b9a8d5734de
Arts & Entertainment;Indie Movie Theater;4bf58dd8d48988d17e941735
Arts & Entertainment;Multiplex;4bf58dd8d48988d180941735
Arts & Entertainment;Museum;4bf58dd8d48988d181941735
Arts & Entertainment;Art Museum;4bf58dd8d48988d18f941735
Arts & Entertainment;Erotic Museum;559acbe0498e472f1a53fa23
Arts & Entertainment;History Museum;4bf58dd8d48988d190941735
Arts & Entertainment;Planetarium;4bf58dd8d48988d192941735
Arts & Entertainment;Science Museum;4bf58dd8d48988d191941735
Arts & Entertainment;Music Venue;4bf58dd8d48988d1e5931735
Arts & Entertainment;Jazz Club;4bf58dd8d48988d1e7931735
Arts & Entertainment;Piano Bar;4bf58dd8d48988d1e8931735
Arts & Entertainment;Rock Club;4bf58dd8d48988d1e9931735
Arts & Entertainment;Pachinko Parlor;5744ccdfe4b0c0459246b4b8
Arts & Entertainment;Performing Arts Venue;4bf58dd8d48988d1f2931735
Arts & Entertainment;Dance Studio;4bf58dd8d48988d134941735
Arts & Entertainment;Indie Theater;4bf58dd8d48988d135941735
Arts & Entertainment;Opera House;4bf58dd8d48988d136941735
Arts & Entertainment;Theater;4bf58dd8d48988d137941735
Arts & Entertainment;Pool Hall;4bf58dd8d48988d1e3931735
Arts & Entertainment;Public Art;507c8c4091d498d9fc8c67a9
Arts & Entertainment;Outdoor Sculpture;52e81612bcbc57f1066b79ed
Arts & Entertainment;Street Art;52e81612bcbc57f1066b79ee
Arts & Entertainment;Racecourse;56aa371be4b08b9a8d573514
Arts & Entertainment;Racetrack;4bf58dd8d48988d1f4931735
Arts & Entertainment;Roller Rink;52e81612bcbc57f1066b79e9
Arts & Entertainment;Salsa Club;52e81612bcbc57f1066b79ec
Arts & Entertainment;Samba School;56aa371be4b08b9a8d5734f9
Arts & Entertainment;Stadium;4bf58dd8d48988d184941735
Arts & Entertainment;Baseball Stadium;4bf58dd8d48988d18c941735
Arts & Entertainment;Basketball Stadium;4bf58dd8d48988d18b941735
Arts & Entertainment;Cricket Ground;4bf58dd8d48988d18a941735
Arts & Entertainment;Football Stadium;4bf58dd8d48988d189941735
Arts & Entertainment;Hockey Arena;4bf58dd8d48988d185941735
Arts & Entertainment;Rugby Stadium;56aa371be4b08b9a8d573556
Arts & Entertainment;Soccer Stadium;4bf58dd8d48988d188941735
Arts & Entertainment;Tennis Stadium;4e39a891bd410d7aed40cbc2
Arts & Entertainment;Track Stadium;4bf58dd8d48988d187941735
Arts & Entertainment;Theme Park;4bf58dd8d48988d182941735
Arts & Entertainment;Theme Park Ride / Attraction;5109983191d435c0d71c2bb1
Arts & Entertainment;Tour Provider;56aa371be4b08b9a8d573520
Arts & Entertainment;Water Park;4bf58dd8d48988d193941735
Arts & Entertainment;Zoo;4bf58dd8d48988d17b941735
Arts & Entertainment;Zoo Exhibit;58daa1558bbb0b01f18ec1fd
College & University;College & University;4d4b7105d754a06372d81259
College & University;College Academic Building;4bf58dd8d48988d198941735
College & University;College Arts Building;4bf58dd8d48988d199941735
College & University;College Communications Building;4bf58dd8d48988d19a941735
College & University;College Engineering Building;4bf58dd8d48988d19e941735
College & University;College History Building;4bf58dd8d48988d19d941735
College & University;College Math Building;4bf58dd8d48988d19c941735
College & University;College Science Building;4bf58dd8d48988d19b941735
College & University;College Technology Building;4bf58dd8d48988d19f941735
College & University;College Administrative Building;4bf58dd8d48988d197941735
College & University;College Auditorium;4bf58dd8d48988d1af941735
College & University;College Bookstore;4bf58dd8d48988d1b1941735
College & University;College Cafeteria;4bf58dd8d48988d1a1941735
College & University;College Classroom;4bf58dd8d48988d1a0941735
College & University;College Gym;4bf58dd8d48988d1b2941735
College & University;College Lab;4bf58dd8d48988d1a5941735
College & University;College Library;4bf58dd8d48988d1a7941735
College & University;College Quad;4bf58dd8d48988d1aa941735
College & University;College Rec Center;4bf58dd8d48988d1a9941735
College & University;College Residence Hall;4bf58dd8d48988d1a3941735
College & University;College Stadium;4bf58dd8d48988d1b4941735
College & University;College Baseball Diamond;4bf58dd8d48988d1bb941735
College & University;College Basketball Court;4bf58dd8d48988d1ba941735
College & University;College Cricket Pitch;4bf58dd8d48988d1b9941735
College & University;College Football Field;4bf58dd8d48988d1b8941735
College & University;College Hockey Rink;4bf58dd8d48988d1b5941735
College & University;College Soccer Field;4bf58dd8d48988d1b7941735
College & University;College Tennis Court;4e39a9cebd410d7aed40cbc4
College & University;College Track;4bf58dd8d48988d1b6941735
College & University;College Theater;4bf58dd8d48988d1ac941735
College & University;Community College;4bf58dd8d48988d1a2941735
College & University;Fraternity House;4bf58dd8d48988d1b0941735
College & University;General College & University;4bf58dd8d48988d1a8941735
College & University;Law School;4bf58dd8d48988d1a6941735
College & University;Medical School;4bf58dd8d48988d1b3941735
College & University;Sorority House;4bf58dd8d48988d141941735
College & University;Student Center;4bf58dd8d48988d1ab941735
College & University;Trade School;4bf58dd8d48988d1ad941735
College & University;University;4bf58dd8d48988d1ae941735
Event;Event;4d4b7105d754a06373d81259
Event;Christmas Market;52f2ab2ebcbc57f1066b8b3b
Event;Conference;5267e4d9e4b0ec79466e48c6
Event;Convention;5267e4d9e4b0ec79466e48c9
Event;Festival;5267e4d9e4b0ec79466e48c7
Event;Line / Queue;58daa1558bbb0b01f18ec1fa
Event;Music Festival;5267e4d9e4b0ec79466e48d1
Event;Other Event;5267e4d9e4b0ec79466e48c8
Event;Parade;52741d85e4b0d5d1e3c6a6d9
Event;Sporting Event;5bae9231bedf3950379f89c5
Event;Stoop Sale;52f2ab2ebcbc57f1066b8b54
Event;Street Fair;5267e4d8e4b0ec79466e48c5
Event;Trade Fair;5bae9231bedf3950379f89c3
Food;Food;4d4b7105d754a06374d81259
Food;Afghan Restaurant;503288ae91d4c4b30a586d67
Food;African Restaurant;4bf58dd8d48988d1c8941735
Food;Ethiopian Restaurant;4bf58dd8d48988d10a941735
Food;American Restaurant;4bf58dd8d48988d14e941735
Food;New American Restaurant;4bf58dd8d48988d157941735
Food;Asian Restaurant;4bf58dd8d48988d142941735
Food;Burmese Restaurant;56aa371be4b08b9a8d573568
Food;Cambodian Restaurant;52e81612bcbc57f1066b7a03
Food;Chinese Restaurant;4bf58dd8d48988d145941735
Food;Anhui Restaurant;52af3a5e3cf9994f4e043bea
Food;Beijing Restaurant;52af3a723cf9994f4e043bec
Food;Cantonese Restaurant;52af3a7c3cf9994f4e043bed
Food;Cha Chaan Teng;58daa1558bbb0b01f18ec1d3
Food;Chinese Aristocrat Restaurant;52af3a673cf9994f4e043beb
Food;Chinese Breakfast Place;52af3a903cf9994f4e043bee
Food;Dim Sum Restaurant;4bf58dd8d48988d1f5931735
Food;Dongbei Restaurant;52af3a9f3cf9994f4e043bef
Food;Fujian Restaurant;52af3aaa3cf9994f4e043bf0
Food;Guizhou Restaurant;52af3ab53cf9994f4e043bf1
Food;Hainan Restaurant;52af3abe3cf9994f4e043bf2
Food;Hakka Restaurant;52af3ac83cf9994f4e043bf3
Food;Henan Restaurant;52af3ad23cf9994f4e043bf4
Food;Hong Kong Restaurant;52af3add3cf9994f4e043bf5
Food;Huaiyang Restaurant;52af3af23cf9994f4e043bf7
Food;Hubei Restaurant;52af3ae63cf9994f4e043bf6
Food;Hunan Restaurant;52af3afc3cf9994f4e043bf8
Food;Imperial Restaurant;52af3b053cf9994f4e043bf9
Food;Jiangsu Restaurant;52af3b213cf9994f4e043bfa
Food;Jiangxi Restaurant;52af3b293cf9994f4e043bfb
Food;Macanese Restaurant;52af3b343cf9994f4e043bfc
Food;Manchu Restaurant;52af3b3b3cf9994f4e043bfd
Food;Peking Duck Restaurant;52af3b463cf9994f4e043bfe
Food;Shaanxi Restaurant;52af3b633cf9994f4e043c01
Food;Shandong Restaurant;52af3b513cf9994f4e043bff
Food;Shanghai Restaurant;52af3b593cf9994f4e043c00
Food;Shanxi Restaurant;52af3b6e3cf9994f4e043c02
Food;Szechuan Restaurant;52af3b773cf9994f4e043c03
Food;Taiwanese Restaurant;52af3b813cf9994f4e043c04
Food;Tianjin Restaurant;52af3b893cf9994f4e043c05
Food;Xinjiang Restaurant;52af3b913cf9994f4e043c06
Food;Yunnan Restaurant;52af3b9a3cf9994f4e043c07
Food;Zhejiang Restaurant;52af3ba23cf9994f4e043c08
Food;Filipino Restaurant;4eb1bd1c3b7b55596b4a748f
Food;Himalayan Restaurant;52e81612bcbc57f1066b79fb
Food;Hotpot Restaurant;52af0bd33cf9994f4e043bdd
Food;Indonesian Restaurant;4deefc054765f83613cdba6f
Food;Acehnese Restaurant;52960eda3cf9994f4e043ac9
Food;Balinese Restaurant;52960eda3cf9994f4e043acb
Food;Betawinese Restaurant;52960eda3cf9994f4e043aca
Food;Indonesian Meatball Place;52960eda3cf9994f4e043acc
Food;Javanese Restaurant;52960eda3cf9994f4e043ac7
Food;Manadonese Restaurant;52960eda3cf9994f4e043ac8
Food;Padangnese Restaurant;52960eda3cf9994f4e043ac5
Food;Sundanese Restaurant;52960eda3cf9994f4e043ac6
Food;Japanese Restaurant;4bf58dd8d48988d111941735
Food;Donburi Restaurant;55a59bace4b013909087cb0c
Food;Japanese Curry Restaurant;55a59bace4b013909087cb30
Food;Kaiseki Restaurant;55a59bace4b013909087cb21
Food;Kushikatsu Restaurant;55a59bace4b013909087cb06
Food;Monjayaki Restaurant;55a59bace4b013909087cb1b
Food;Nabe Restaurant;55a59bace4b013909087cb1e
Food;Okonomiyaki Restaurant;55a59bace4b013909087cb18
Food;Ramen Restaurant;55a59bace4b013909087cb24
Food;Shabu-Shabu Restaurant;55a59bace4b013909087cb15
Food;Soba Restaurant;55a59bace4b013909087cb27
Food;Sukiyaki Restaurant;55a59bace4b013909087cb12
Food;Sushi Restaurant;4bf58dd8d48988d1d2941735
Food;Takoyaki Place;55a59bace4b013909087cb2d
Food;Tempura Restaurant;55a59a31e4b013909087cb00
Food;Tonkatsu Restaurant;55a59af1e4b013909087cb03
Food;Udon Restaurant;55a59bace4b013909087cb2a
Food;Unagi Restaurant;55a59bace4b013909087cb0f
Food;Wagashi Place;55a59bace4b013909087cb33
Food;Yakitori Restaurant;55a59bace4b013909087cb09
Food;Yoshoku Restaurant;55a59bace4b013909087cb36
Food;Korean Restaurant;4bf58dd8d48988d113941735
Food;Bossam/Jokbal Restaurant;56aa371be4b08b9a8d5734e4
Food;Bunsik Restaurant;56aa371be4b08b9a8d5734f0
Food;Gukbap Restaurant;56aa371be4b08b9a8d5734e7
Food;Janguh Restaurant;56aa371be4b08b9a8d5734ed
Food;Samgyetang Restaurant;56aa371be4b08b9a8d5734ea
Food;Malay Restaurant;4bf58dd8d48988d156941735
Food;Mamak Restaurant;5ae9595eb77c77002c2f9f26
Food;Mongolian Restaurant;4eb1d5724b900d56c88a45fe
Food;Noodle House;4bf58dd8d48988d1d1941735
Food;Satay Restaurant;56aa371be4b08b9a8d57350e
Food;Thai Restaurant;4bf58dd8d48988d149941735
Food;Som Tum Restaurant;56aa371be4b08b9a8d573502
Food;Tibetan Restaurant;52af39fb3cf9994f4e043be9
Food;Vietnamese Restaurant;4bf58dd8d48988d14a941735
Food;Australian Restaurant;4bf58dd8d48988d169941735
Food;Austrian Restaurant;52e81612bcbc57f1066b7a01
Food;BBQ Joint;4bf58dd8d48988d1df931735
Food;Bagel Shop;4bf58dd8d48988d179941735
Food;Bakery;4bf58dd8d48988d16a941735
Food;Belgian Restaurant;52e81612bcbc57f1066b7a02
Food;Bistro;52e81612bcbc57f1066b79f1
Food;Breakfast Spot;4bf58dd8d48988d143941735
Food;Bubble Tea Shop;52e81612bcbc57f1066b7a0c
Food;Buffet;52e81612bcbc57f1066b79f4
Food;Burger Joint;4bf58dd8d48988d16c941735
Food;Cafeteria;4bf58dd8d48988d128941735
Food;Café;4bf58dd8d48988d16d941735
Food;Cajun / Creole Restaurant;4bf58dd8d48988d17a941735
Food;Caribbean Restaurant;4bf58dd8d48988d144941735
Food;Cuban Restaurant;4bf58dd8d48988d154941735
Food;Caucasian Restaurant;5293a7d53cf9994f4e043a45
Food;Coffee Shop;4bf58dd8d48988d1e0931735
Food;Comfort Food Restaurant;52e81612bcbc57f1066b7a00
Food;Creperie;52e81612bcbc57f1066b79f2
Food;Czech Restaurant;52f2ae52bcbc57f1066b8b81
Food;Deli / Bodega;4bf58dd8d48988d146941735
Food;Dessert Shop;4bf58dd8d48988d1d0941735
Food;Cupcake Shop;4bf58dd8d48988d1bc941735
Food;Frozen Yogurt Shop;512e7cae91d4cbb4e5efe0af
Food;Ice Cream Shop;4bf58dd8d48988d1c9941735
Food;Pastry Shop;5744ccdfe4b0c0459246b4e2
Food;Pie Shop;52e81612bcbc57f1066b7a0a
Food;Diner;4bf58dd8d48988d147941735
Food;Donut Shop;4bf58dd8d48988d148941735
Food;Dumpling Restaurant;4bf58dd8d48988d108941735
Food;Dutch Restaurant;5744ccdfe4b0c0459246b4d0
Food;Eastern European Restaurant;4bf58dd8d48988d109941735
Food;Belarusian Restaurant;52e928d0bcbc57f1066b7e97
Food;Bosnian Restaurant;58daa1558bbb0b01f18ec1ee
Food;Bulgarian Restaurant;56aa371be4b08b9a8d5734f3
Food;Romanian Restaurant;52960bac3cf9994f4e043ac4
Food;Tatar Restaurant;52e928d0bcbc57f1066b7e98
Food;English Restaurant;52e81612bcbc57f1066b7a05
Food;Falafel Restaurant;4bf58dd8d48988d10b941735
Food;Fast Food Restaurant;4bf58dd8d48988d16e941735
Food;Fish & Chips Shop;4edd64a0c7ddd24ca188df1a
Food;Fondue Restaurant;52e81612bcbc57f1066b7a09
Food;Food Court;4bf58dd8d48988d120951735
Food;Food Stand;56aa371be4b08b9a8d57350b
Food;Food Truck;4bf58dd8d48988d1cb941735
Food;French Restaurant;4bf58dd8d48988d10c941735
Food;Alsatian Restaurant;57558b36e4b065ecebd306b6
Food;Auvergne Restaurant;57558b36e4b065ecebd306b8
Food;Basque Restaurant;57558b36e4b065ecebd306bc
Food;Brasserie;57558b36e4b065ecebd306b0
Food;Breton Restaurant;57558b36e4b065ecebd306c5
Food;Burgundian Restaurant;57558b36e4b065ecebd306c0
Food;Catalan Restaurant;57558b36e4b065ecebd306cb
Food;Ch'ti Restaurant;57558b36e4b065ecebd306ce
Food;Corsican Restaurant;57558b36e4b065ecebd306d1
Food;Estaminet;57558b36e4b065ecebd306b4
Food;Labour Canteen;57558b36e4b065ecebd306b2
Food;Lyonese Bouchon;57558b35e4b065ecebd306ad
Food;Norman Restaurant;57558b36e4b065ecebd306d4
Food;Provençal Restaurant;57558b36e4b065ecebd306d7
Food;Savoyard Restaurant;57558b36e4b065ecebd306da
Food;Southwestern French Restaurant;57558b36e4b065ecebd306ba
Food;Fried Chicken Joint;4d4ae6fc7a7b7dea34424761
Food;Friterie;55d25775498e9f6a0816a37a
Food;Gastropub;4bf58dd8d48988d155941735
Food;German Restaurant;4bf58dd8d48988d10d941735
Food;Apple Wine Pub;56aa371ce4b08b9a8d573583
Food;Bavarian Restaurant;56aa371ce4b08b9a8d573572
Food;Bratwurst Joint;56aa371ce4b08b9a8d57358e
Food;Currywurst Joint;56aa371ce4b08b9a8d57358b
Food;Franconian Restaurant;56aa371ce4b08b9a8d573574
Food;German Pop-Up Restaurant;56aa371ce4b08b9a8d573592
Food;Palatine Restaurant;56aa371ce4b08b9a8d573578
Food;Rhenisch Restaurant;56aa371ce4b08b9a8d57357b
Food;Schnitzel Restaurant;56aa371ce4b08b9a8d573587
Food;Silesian Restaurant;56aa371ce4b08b9a8d57357f
Food;Swabian Restaurant;56aa371ce4b08b9a8d573576
Food;Gluten-free Restaurant;4c2cd86ed066bed06c3c5209
Food;Greek Restaurant;4bf58dd8d48988d10e941735
Food;Bougatsa Shop;53d6c1b0e4b02351e88a83e8
Food;Cretan Restaurant;53d6c1b0e4b02351e88a83e2
Food;Fish Taverna;53d6c1b0e4b02351e88a83d8
Food;Grilled Meat Restaurant;53d6c1b0e4b02351e88a83d6
Food;Kafenio;53d6c1b0e4b02351e88a83e6
Food;Magirio;53d6c1b0e4b02351e88a83e4
Food;Meze Restaurant;53d6c1b0e4b02351e88a83da
Food;Modern Greek Restaurant;53d6c1b0e4b02351e88a83d4
Food;Ouzeri;53d6c1b0e4b02351e88a83dc
Food;Patsa Restaurant;53d6c1b0e4b02351e88a83e0
Food;Souvlaki Shop;52e81612bcbc57f1066b79f3
Food;Taverna;53d6c1b0e4b02351e88a83d2
Food;Tsipouro Restaurant;53d6c1b0e4b02351e88a83de
Food;Halal Restaurant;52e81612bcbc57f1066b79ff
Food;Hawaiian Restaurant;52e81612bcbc57f1066b79fe
Food;Poke Place;5bae9231bedf3950379f89d4
Food;Hot Dog Joint;4bf58dd8d48988d16f941735
Food;Hungarian Restaurant;52e81612bcbc57f1066b79fa
Food;Indian Restaurant;4bf58dd8d48988d10f941735
Food;Andhra Restaurant;54135bf5e4b08f3d2429dfe5
Food;Awadhi Restaurant;54135bf5e4b08f3d2429dff3
Food;Bengali Restaurant;54135bf5e4b08f3d2429dff5
Food;Chaat Place;54135bf5e4b08f3d2429dfe2
Food;Chettinad Restaurant;54135bf5e4b08f3d2429dff2
Food;Dhaba;54135bf5e4b08f3d2429dfe1
Food;Dosa Place;54135bf5e4b08f3d2429dfe3
Food;Goan Restaurant;54135bf5e4b08f3d2429dfe8
Food;Gujarati Restaurant;54135bf5e4b08f3d2429dfe9
Food;Hyderabadi Restaurant;54135bf5e4b08f3d2429dfe6
Food;Indian Chinese Restaurant;54135bf5e4b08f3d2429dfdf
Food;Indian Sweet Shop;54135bf5e4b08f3d2429dfe4
Food;Irani Cafe;54135bf5e4b08f3d2429dfe7
Food;Jain Restaurant;54135bf5e4b08f3d2429dfea
Food;Karnataka Restaurant;54135bf5e4b08f3d2429dfeb
Food;Kerala Restaurant;54135bf5e4b08f3d2429dfed
Food;Maharashtrian Restaurant;54135bf5e4b08f3d2429dfee
Food;Mughlai Restaurant;54135bf5e4b08f3d2429dff4
Food;Multicuisine Indian Restaurant;54135bf5e4b08f3d2429dfe0
Food;North Indian Restaurant;54135bf5e4b08f3d2429dfdd
Food;Northeast Indian Restaurant;54135bf5e4b08f3d2429dff6
Food;Parsi Restaurant;54135bf5e4b08f3d2429dfef
Food;Punjabi Restaurant;54135bf5e4b08f3d2429dff0
Food;Rajasthani Restaurant;54135bf5e4b08f3d2429dff1
Food;South Indian Restaurant;54135bf5e4b08f3d2429dfde
Food;Udupi Restaurant;54135bf5e4b08f3d2429dfec
Food;Irish Pub;52e81612bcbc57f1066b7a06
Food;Italian Restaurant;4bf58dd8d48988d110941735
Food;Abruzzo Restaurant;55a5a1ebe4b013909087cbb6
Food;Agriturismo;55a5a1ebe4b013909087cb7c
Food;Aosta Restaurant;55a5a1ebe4b013909087cba7
Food;Basilicata Restaurant;55a5a1ebe4b013909087cba1
Food;Calabria Restaurant;55a5a1ebe4b013909087cba4
Food;Campanian Restaurant;55a5a1ebe4b013909087cb95
Food;Emilia Restaurant;55a5a1ebe4b013909087cb89
Food;Friuli Restaurant;55a5a1ebe4b013909087cb9b
Food;Ligurian Restaurant;55a5a1ebe4b013909087cb98
Food;Lombard Restaurant;55a5a1ebe4b013909087cbbf
Food;Malga;55a5a1ebe4b013909087cb79
Food;Marche Restaurant;55a5a1ebe4b013909087cbb0
Food;Molise Restaurant;55a5a1ebe4b013909087cbb3
Food;Piadineria;55a5a1ebe4b013909087cb74
Food;Piedmontese Restaurant;55a5a1ebe4b013909087cbaa
Food;Puglia Restaurant;55a5a1ebe4b013909087cb83
Food;Romagna Restaurant;55a5a1ebe4b013909087cb8c
Food;Roman Restaurant;55a5a1ebe4b013909087cb92
Food;Sardinian Restaurant;55a5a1ebe4b013909087cb8f
Food;Sicilian Restaurant;55a5a1ebe4b013909087cb86
Food;South Tyrolean Restaurant;55a5a1ebe4b013909087cbb9
Food;Trattoria/Osteria;55a5a1ebe4b013909087cb7f
Food;Trentino Restaurant;55a5a1ebe4b013909087cbbc
Food;Tuscan Restaurant;55a5a1ebe4b013909087cb9e
Food;Umbrian Restaurant;55a5a1ebe4b013909087cbc2
Food;Veneto Restaurant;55a5a1ebe4b013909087cbad
Food;Jewish Restaurant;52e81612bcbc57f1066b79fd
Food;Kosher Restaurant;52e81612bcbc57f1066b79fc
Food;Juice Bar;4bf58dd8d48988d112941735
Food;Kebab Restaurant;5283c7b4e4b094cb91ec88d7
Food;Latin American Restaurant;4bf58dd8d48988d1be941735
Food;Arepa Restaurant;4bf58dd8d48988d152941735
Food;Empanada Restaurant;52939a8c3cf9994f4e043a35
Food;Salvadoran Restaurant;5745c7ac498e5d0483112fdb
Food;South American Restaurant;4bf58dd8d48988d1cd941735
Food;Argentinian Restaurant;4bf58dd8d48988d107941735
Food;Brazilian Restaurant;4bf58dd8d48988d16b941735
Food;Acai House;5294c7523cf9994f4e043a62
Food;Baiano Restaurant;52939ae13cf9994f4e043a3b
Food;Central Brazilian Restaurant;52939a9e3cf9994f4e043a36
Food;Churrascaria;52939a643cf9994f4e043a33
Food;Empada House;5294c55c3cf9994f4e043a61
Food;Goiano Restaurant;52939af83cf9994f4e043a3d
Food;Mineiro Restaurant;52939aed3cf9994f4e043a3c
Food;Northeastern Brazilian Restaurant;52939aae3cf9994f4e043a37
Food;Northern Brazilian Restaurant;52939ab93cf9994f4e043a38
Food;Pastelaria;5294cbda3cf9994f4e043a63
Food;Southeastern Brazilian Restaurant;52939ac53cf9994f4e043a39
Food;Southern Brazilian Restaurant;52939ad03cf9994f4e043a3a
Food;Tapiocaria;52939a7d3cf9994f4e043a34
Food;Colombian Restaurant;58daa1558bbb0b01f18ec1f4
Food;Peruvian Restaurant;4eb1bfa43b7b52c0e1adc2e8
Food;Venezuelan Restaurant;56aa371be4b08b9a8d573558
Food;Mac & Cheese Joint;4bf58dd8d48988d1bf941735
Food;Mediterranean Restaurant;4bf58dd8d48988d1c0941735
Food;Moroccan Restaurant;4bf58dd8d48988d1c3941735
Food;Mexican Restaurant;4bf58dd8d48988d1c1941735
Food;Botanero;58daa1558bbb0b01f18ec1d9
Food;Burrito Place;4bf58dd8d48988d153941735
Food;Taco Place;4bf58dd8d48988d151941735
Food;Tex-Mex Restaurant;56aa371ae4b08b9a8d5734ba
Food;Yucatecan Restaurant;5744ccdfe4b0c0459246b4d3
Food;Middle Eastern Restaurant;4bf58dd8d48988d115941735
Food;Egyptian Restaurant;5bae9231bedf3950379f89e1
Food;Iraqi Restaurant;5bae9231bedf3950379f89e7
Food;Israeli Restaurant;56aa371be4b08b9a8d573529
Food;Kurdish Restaurant;5744ccdfe4b0c0459246b4ca
Food;Lebanese Restaurant;58daa1558bbb0b01f18ec1cd
Food;Persian Restaurant;52e81612bcbc57f1066b79f7
Food;Ash and Haleem Place;58daa1558bbb0b01f18ec1bc
Food;Dizi Place;58daa1558bbb0b01f18ec1c0
Food;Gilaki Restaurant;58daa1558bbb0b01f18ec1c4
Food;Jegaraki;58daa1558bbb0b01f18ec1c7
Food;Tabbakhi;5744ccdfe4b0c0459246b4a8
Food;Shawarma Place;5bae9231bedf3950379f89e4
Food;Syrian Restaurant;5bae9231bedf3950379f89da
Food;Yemeni Restaurant;5bae9231bedf3950379f89ea
Food;Modern European Restaurant;52e81612bcbc57f1066b79f9
Food;Molecular Gastronomy Restaurant;4bf58dd8d48988d1c2941735
Food;Pakistani Restaurant;52e81612bcbc57f1066b79f8
Food;Pet Café;56aa371be4b08b9a8d573508
Food;Pizza Place;4bf58dd8d48988d1ca941735
Food;Polish Restaurant;52e81612bcbc57f1066b7a04
Food;Portuguese Restaurant;4def73e84765ae376e57713a
Food;Poutine Place;56aa371be4b08b9a8d5734c7
Food;Restaurant;4bf58dd8d48988d1c4941735
Food;Russian Restaurant;5293a7563cf9994f4e043a44
Food;Blini House;52e928d0bcbc57f1066b7e9d
Food;Pelmeni House;52e928d0bcbc57f1066b7e9c
Food;Salad Place;4bf58dd8d48988d1bd941735
Food;Sandwich Place;4bf58dd8d48988d1c5941735
Food;Scandinavian Restaurant;4bf58dd8d48988d1c6941735
Food;Scottish Restaurant;5744ccdde4b0c0459246b4a3
Food;Seafood Restaurant;4bf58dd8d48988d1ce941735
Food;Slovak Restaurant;56aa371be4b08b9a8d57355a
Food;Snack Place;4bf58dd8d48988d1c7941735
Food;Soup Place;4bf58dd8d48988d1dd931735
Food;Southern / Soul Food Restaurant;4bf58dd8d48988d14f941735
Food;Spanish Restaurant;4bf58dd8d48988d150941735
Food;Paella Restaurant;4bf58dd8d48988d14d941735
Food;Tapas Restaurant;4bf58dd8d48988d1db931735
Food;Sri Lankan Restaurant;5413605de4b0ae91d18581a9
Food;Steakhouse;4bf58dd8d48988d1cc941735
Food;Swiss Restaurant;4bf58dd8d48988d158941735
Food;Tea Room;4bf58dd8d48988d1dc931735
Food;Theme Restaurant;56aa371be4b08b9a8d573538
Food;Truck Stop;57558b36e4b065ecebd306dd
Food;Turkish Restaurant;4f04af1f2fb6e1c99f3db0bb
Food;Borek Place;530faca9bcbc57f1066bc2f3
Food;Cigkofte Place;530faca9bcbc57f1066bc2f4
Food;Doner Restaurant;5283c7b4e4b094cb91ec88d8
Food;Gozleme Place;5283c7b4e4b094cb91ec88d9
Food;Kofte Place;5283c7b4e4b094cb91ec88db
Food;Kokoreç Restaurant;5283c7b4e4b094cb91ec88d6
Food;Kumpir Restaurant;56aa371be4b08b9a8d573535
Food;Kumru Restaurant;56aa371be4b08b9a8d5734bd
Food;Manti Place;5283c7b4e4b094cb91ec88d5
Food;Meyhane;5283c7b4e4b094cb91ec88da
Food;Pide Place;530faca9bcbc57f1066bc2f2
Food;Pilavcı;58daa1558bbb0b01f18ec1df
Food;Söğüş Place;58daa1558bbb0b01f18ec1dc
Food;Tantuni Restaurant;56aa371be4b08b9a8d5734bf
Food;Turkish Coffeehouse;56aa371be4b08b9a8d5734c1
Food;Turkish Home Cooking Restaurant;5283c7b4e4b094cb91ec88d4
Food;Çöp Şiş Place;58daa1558bbb0b01f18ec1e2
Food;Ukrainian Restaurant;52e928d0bcbc57f1066b7e96
Food;Varenyky restaurant;52e928d0bcbc57f1066b7e9a
Food;West-Ukrainian Restaurant;52e928d0bcbc57f1066b7e9b
Food;Vegetarian / Vegan Restaurant;4bf58dd8d48988d1d3941735
Food;Wings Joint;4bf58dd8d48988d14c941735
Nightlife Spot;Nightlife Spot;4d4b7105d754a06376d81259
Nightlife Spot;Bar;4bf58dd8d48988d116941735
Nightlife Spot;Beach Bar;52e81612bcbc57f1066b7a0d
Nightlife Spot;Beer Bar;56aa371ce4b08b9a8d57356c
Nightlife Spot;Beer Garden;4bf58dd8d48988d117941735
Nightlife Spot;Champagne Bar;52e81612bcbc57f1066b7a0e
Nightlife Spot;Cocktail Bar;4bf58dd8d48988d11e941735
Nightlife Spot;Dive Bar;4bf58dd8d48988d118941735
Nightlife Spot;Gay Bar;4bf58dd8d48988d1d8941735
Nightlife Spot;Hookah Bar;4bf58dd8d48988d119941735
Nightlife Spot;Hotel Bar;4bf58dd8d48988d1d5941735
Nightlife Spot;Karaoke Bar;4bf58dd8d48988d120941735
Nightlife Spot;Pub;4bf58dd8d48988d11b941735
Nightlife Spot;Sake Bar;4bf58dd8d48988d11c941735
Nightlife Spot;Speakeasy;4bf58dd8d48988d1d4941735
Nightlife Spot;Sports Bar;4bf58dd8d48988d11d941735
Nightlife Spot;Tiki Bar;56aa371be4b08b9a8d57354d
Nightlife Spot;Whisky Bar;4bf58dd8d48988d122941735
Nightlife Spot;Wine Bar;4bf58dd8d48988d123941735
Nightlife Spot;Brewery;50327c8591d4c4b30a586d5d
Nightlife Spot;Lounge;4bf58dd8d48988d121941735
Nightlife Spot;Night Market;53e510b7498ebcb1801b55d4
Nightlife Spot;Nightclub;4bf58dd8d48988d11f941735
Nightlife Spot;Other Nightlife;4bf58dd8d48988d11a941735
Nightlife Spot;Strip Club;4bf58dd8d48988d1d6941735
Outdoors & Recreation;Outdoors & Recreation;4d4b7105d754a06377d81259
Outdoors & Recreation;Athletics & Sports;4f4528bc4b90abdf24c9de85
Outdoors & Recreation;Badminton Court;52e81612bcbc57f1066b7a2b
Outdoors & Recreation;Baseball Field;4bf58dd8d48988d1e8941735
Outdoors & Recreation;Basketball Court;4bf58dd8d48988d1e1941735
Outdoors & Recreation;Bowling Green;52e81612bcbc57f1066b7a2f
Outdoors & Recreation;Curling Ice;56aa371be4b08b9a8d57351a
Outdoors & Recreation;Golf Course;4bf58dd8d48988d1e6941735
Outdoors & Recreation;Golf Driving Range;58daa1558bbb0b01f18ec1b0
Outdoors & Recreation;Gym / Fitness Center;4bf58dd8d48988d175941735
Outdoors & Recreation;Boxing Gym;52f2ab2ebcbc57f1066b8b47
Outdoors & Recreation;Climbing Gym;503289d391d4c4b30a586d6a
Outdoors & Recreation;Cycle Studio;52f2ab2ebcbc57f1066b8b49
Outdoors & Recreation;Gym Pool;4bf58dd8d48988d105941735
Outdoors & Recreation;Gymnastics Gym;52f2ab2ebcbc57f1066b8b48
Outdoors & Recreation;Gym;4bf58dd8d48988d176941735
Outdoors & Recreation;Martial Arts Dojo;4bf58dd8d48988d101941735
Outdoors & Recreation;Outdoor Gym;58daa1558bbb0b01f18ec203
Outdoors & Recreation;Pilates Studio;5744ccdfe4b0c0459246b4b2
Outdoors & Recreation;Track;4bf58dd8d48988d106941735
Outdoors & Recreation;Weight Loss Center;590a0744340a5803fd8508c3
Outdoors & Recreation;Yoga Studio;4bf58dd8d48988d102941735
Outdoors & Recreation;Hockey Field;4f452cd44b9081a197eba860
Outdoors & Recreation;Hockey Rink;56aa371be4b08b9a8d57352c
Outdoors & Recreation;Paintball Field;5032829591d4c4b30a586d5e
Outdoors & Recreation;Rugby Pitch;52e81612bcbc57f1066b7a2c
Outdoors & Recreation;Skate Park;4bf58dd8d48988d167941735
Outdoors & Recreation;Skating Rink;4bf58dd8d48988d168941735
Outdoors & Recreation;Soccer Field;4cce455aebf7b749d5e191f5
Outdoors & Recreation;Sports Club;52e81612bcbc57f1066b7a2e
Outdoors & Recreation;Squash Court;52e81612bcbc57f1066b7a2d
Outdoors & Recreation;Tennis Court;4e39a956bd410d7aed40cbc3
Outdoors & Recreation;Volleyball Court;4eb1bf013b7b6f98df247e07
Outdoors & Recreation;Bathing Area;52e81612bcbc57f1066b7a28
Outdoors & Recreation;Bay;56aa371be4b08b9a8d573544
Outdoors & Recreation;Beach;4bf58dd8d48988d1e2941735
Outdoors & Recreation;Nudist Beach;52e81612bcbc57f1066b7a30
Outdoors & Recreation;Surf Spot;4bf58dd8d48988d1e3941735
Outdoors & Recreation;Bike Trail;56aa371be4b08b9a8d57355e
Outdoors & Recreation;Botanical Garden;52e81612bcbc57f1066b7a22
Outdoors & Recreation;Bridge;4bf58dd8d48988d1df941735
Outdoors & Recreation;Campground;4bf58dd8d48988d1e4941735
Outdoors & Recreation;Canal Lock;56aa371be4b08b9a8d57353b
Outdoors & Recreation;Canal;56aa371be4b08b9a8d573562
Outdoors & Recreation;Castle;50aaa49e4b90af0d42d5de11
Outdoors & Recreation;Cave;56aa371be4b08b9a8d573511
Outdoors & Recreation;Cemetery;4bf58dd8d48988d15c941735
Outdoors & Recreation;Dive Spot;52e81612bcbc57f1066b7a12
Outdoors & Recreation;Dog Run;4bf58dd8d48988d1e5941735
Outdoors & Recreation;Farm;4bf58dd8d48988d15b941735
Outdoors & Recreation;Field;4bf58dd8d48988d15f941735
Outdoors & Recreation;Fishing Spot;52e81612bcbc57f1066b7a0f
Outdoors & Recreation;Forest;52e81612bcbc57f1066b7a23
Outdoors & Recreation;Fountain;56aa371be4b08b9a8d573547
Outdoors & Recreation;Garden;4bf58dd8d48988d15a941735
Outdoors & Recreation;Gun Range;52e81612bcbc57f1066b7a11
Outdoors & Recreation;Harbor / Marina;4bf58dd8d48988d1e0941735
Outdoors & Recreation;Hill;5bae9231bedf3950379f89cd
Outdoors & Recreation;Hot Spring;4bf58dd8d48988d160941735
Outdoors & Recreation;Indoor Play Area;5744ccdfe4b0c0459246b4b5
Outdoors & Recreation;Island;50aaa4314b90af0d42d5de10
Outdoors & Recreation;Lake;4bf58dd8d48988d161941735
Outdoors & Recreation;Lighthouse;4bf58dd8d48988d15d941735
Outdoors & Recreation;Mountain Hut;55a5a1ebe4b013909087cb77
Outdoors & Recreation;Mountain;4eb1d4d54b900d56c88a45fc
Outdoors & Recreation;National Park;52e81612bcbc57f1066b7a21
Outdoors & Recreation;Nature Preserve;52e81612bcbc57f1066b7a13
Outdoors & Recreation;Other Great Outdoors;4bf58dd8d48988d162941735
Outdoors & Recreation;Palace;52e81612bcbc57f1066b7a14
Outdoors & Recreation;Park;4bf58dd8d48988d163941735
Outdoors & Recreation;Pedestrian Plaza;52e81612bcbc57f1066b7a25
Outdoors & Recreation;Playground;4bf58dd8d48988d1e7941735
Outdoors & Recreation;Plaza;4bf58dd8d48988d164941735
Outdoors & Recreation;Pool;4bf58dd8d48988d15e941735
Outdoors & Recreation;Rafting;52e81612bcbc57f1066b7a29
Outdoors & Recreation;Recreation Center;52e81612bcbc57f1066b7a26
Outdoors & Recreation;Reservoir;56aa371be4b08b9a8d573541
Outdoors & Recreation;River;4eb1d4dd4b900d56c88a45fd
Outdoors & Recreation;Rock Climbing Spot;50328a4b91d4c4b30a586d6b
Outdoors & Recreation;Roof Deck;4bf58dd8d48988d133951735
Outdoors & Recreation;Scenic Lookout;4bf58dd8d48988d165941735
Outdoors & Recreation;Sculpture Garden;4bf58dd8d48988d166941735
Outdoors & Recreation;Ski Area;4bf58dd8d48988d1e9941735
Outdoors & Recreation;Apres Ski Bar;4bf58dd8d48988d1ea941735
Outdoors & Recreation;Ski Chairlift;4eb1c0ed3b7b52c0e1adc2ea
Outdoors & Recreation;Ski Chalet;4bf58dd8d48988d1ec941735
Outdoors & Recreation;Ski Lodge;4bf58dd8d48988d1eb941735
Outdoors & Recreation;Ski Trail;4eb1c0f63b7b52c0e1adc2eb
Outdoors & Recreation;Skydiving Drop Zone;58daa1558bbb0b01f18ec1b9
Outdoors & Recreation;Stables;4eb1baf03b7b2c5b1d4306ca
Outdoors & Recreation;State / Provincial Park;5bae9231bedf3950379f89d0
Outdoors & Recreation;States & Municipalities;530e33ccbcbc57f1066bbfe4
Outdoors & Recreation;City;50aa9e094b90af0d42d5de0d
Outdoors & Recreation;County;5345731ebcbc57f1066c39b2
Outdoors & Recreation;Country;530e33ccbcbc57f1066bbff7
Outdoors & Recreation;Neighborhood;4f2a25ac4b909258e854f55f
Outdoors & Recreation;State;530e33ccbcbc57f1066bbff8
Outdoors & Recreation;Town;530e33ccbcbc57f1066bbff3
Outdoors & Recreation;Village;530e33ccbcbc57f1066bbff9
Outdoors & Recreation;Summer Camp;52e81612bcbc57f1066b7a10
Outdoors & Recreation;Trail;4bf58dd8d48988d159941735
Outdoors & Recreation;Tree;52e81612bcbc57f1066b7a24
Outdoors & Recreation;Vineyard;4bf58dd8d48988d1de941735
Outdoors & Recreation;Volcano;5032848691d4c4b30a586d61
Outdoors & Recreation;Waterfall;56aa371be4b08b9a8d573560
Outdoors & Recreation;Waterfront;56aa371be4b08b9a8d5734c3
Outdoors & Recreation;Well;4fbc1be21983fc883593e321
Outdoors & Recreation;Windmill;5bae9231bedf3950379f89c7
Professional & Other Places;Professional & Other Places;4d4b7105d754a06375d81259
Professional & Other Places;Animal Shelter;4e52d2d203646f7c19daa8ae
Professional & Other Places;Art Studio;58daa1558bbb0b01f18ec1d6
Professional & Other Places;Auditorium;4bf58dd8d48988d173941735
Professional & Other Places;Ballroom;56aa371be4b08b9a8d5734cf
Professional & Other Places;Building;4bf58dd8d48988d130941735
Professional & Other Places;Business Center;56aa371be4b08b9a8d573517
Professional & Other Places;Club House;52e81612bcbc57f1066b7a35
Professional & Other Places;Community Center;52e81612bcbc57f1066b7a34
Professional & Other Places;Convention Center;4bf58dd8d48988d1ff931735
Professional & Other Places;Meeting Room;4bf58dd8d48988d100941735
Professional & Other Places;Cultural Center;52e81612bcbc57f1066b7a32
Professional & Other Places;Distillery;4e0e22f5a56208c4ea9a85a0
Professional & Other Places;Distribution Center;52e81612bcbc57f1066b7a37
Professional & Other Places;Event Space;4bf58dd8d48988d171941735
Professional & Other Places;Outdoor Event Space;56aa371be4b08b9a8d57356a
Professional & Other Places;Factory;4eb1bea83b7b6f98df247e06
Professional & Other Places;Fair;4eb1daf44b900d56c88a4600
Professional & Other Places;Funeral Home;4f4534884b9074f6e4fb0174
Professional & Other Places;Government Building;4bf58dd8d48988d126941735
Professional & Other Places;Capitol Building;4bf58dd8d48988d12a941735
Professional & Other Places;City Hall;4bf58dd8d48988d129941735
Professional & Other Places;Courthouse;4bf58dd8d48988d12b941735
Professional & Other Places;Embassy / Consulate;4bf58dd8d48988d12c951735
Professional & Other Places;Fire Station;4bf58dd8d48988d12c941735
Professional & Other Places;Monument / Landmark;4bf58dd8d48988d12d941735
Professional & Other Places;Police Station;4bf58dd8d48988d12e941735
Professional & Other Places;Town Hall;52e81612bcbc57f1066b7a38
Professional & Other Places;Industrial Estate;56aa371be4b08b9a8d5734d7
Professional & Other Places;Laboratory;5744ccdfe4b0c0459246b4d6
Professional & Other Places;Library;4bf58dd8d48988d12f941735
Professional & Other Places;Medical Center;4bf58dd8d48988d104941735
Professional & Other Places;Acupuncturist;52e81612bcbc57f1066b7a3b
Professional & Other Places;Alternative Healer;52e81612bcbc57f1066b7a3c
Professional & Other Places;Chiropractor;52e81612bcbc57f1066b7a3a
Professional & Other Places;Dentist's Office;4bf58dd8d48988d178941735
Professional & Other Places;Doctor's Office;4bf58dd8d48988d177941735
Professional & Other Places;Emergency Room;4bf58dd8d48988d194941735
Professional & Other Places;Eye Doctor;522e32fae4b09b556e370f19
Professional & Other Places;Hospital;4bf58dd8d48988d196941735
Professional & Other Places;Hospital Ward;58daa1558bbb0b01f18ec1f7
Professional & Other Places;Maternity Clinic;56aa371be4b08b9a8d5734ff
Professional & Other Places;Medical Lab;4f4531b14b9074f6e4fb0103
Professional & Other Places;Mental Health Office;52e81612bcbc57f1066b7a39
Professional & Other Places;Nutritionist;58daa1558bbb0b01f18ec1d0
Professional & Other Places;Physical Therapist;5744ccdfe4b0c0459246b4af
Professional & Other Places;Rehab Center;56aa371be4b08b9a8d57351d
Professional & Other Places;Urgent Care Center;56aa371be4b08b9a8d573526
Professional & Other Places;Veterinarian;4d954af4a243a5684765b473
Professional & Other Places;Military Base;4e52adeebd41615f56317744
Professional & Other Places;Non-Profit;50328a8e91d4c4b30a586d6c
Professional & Other Places;Observatory;5744ccdfe4b0c0459246b4d9
Professional & Other Places;Office;4bf58dd8d48988d124941735
Professional & Other Places;Advertising Agency;52e81612bcbc57f1066b7a3d
Professional & Other Places;Campaign Office;5032764e91d4c4b30a586d5a
Professional & Other Places;Conference Room;4bf58dd8d48988d127941735
Professional & Other Places;Corporate Amenity;5665ef1d498ec706735f0e59
Professional & Other Places;Corporate Cafeteria;54f4ba06498e2cf5561da814
Professional & Other Places;Corporate Coffee Shop;5665c7b9498e7d8a4f2c0f06
Professional & Other Places;Coworking Space;4bf58dd8d48988d174941735
Professional & Other Places;Tech Startup;4bf58dd8d48988d125941735
Professional & Other Places;Parking;4c38df4de52ce0d596b336e1
Professional & Other Places;Post Office;4bf58dd8d48988d172941735
Professional & Other Places;Power Plant;58daa1548bbb0b01f18ec1a9
Professional & Other Places;Prison;5310b8e5bcbc57f1066bcbf1
Professional & Other Places;Radio Station;5032856091d4c4b30a586d63
Professional & Other Places;Recruiting Agency;52f2ab2ebcbc57f1066b8b57
Professional & Other Places;Research Station;58daa1558bbb0b01f18ec1b2
Professional & Other Places;School;4bf58dd8d48988d13b941735
Professional & Other Places;Adult Education Center;56aa371ce4b08b9a8d573570
Professional & Other Places;Circus School;52e81612bcbc57f1066b7a43
Professional & Other Places;Cooking School;58daa1558bbb0b01f18ec200
Professional & Other Places;Driving School;52e81612bcbc57f1066b7a42
Professional & Other Places;Elementary School;4f4533804b9074f6e4fb0105
Professional & Other Places;Flight School;52e81612bcbc57f1066b7a49
Professional & Other Places;High School;4bf58dd8d48988d13d941735
Professional & Other Places;Language School;52e81612bcbc57f1066b7a48
Professional & Other Places;Middle School;4f4533814b9074f6e4fb0106
Professional & Other Places;Music School;4f04b10d2fb6e1c99f3db0be
Professional & Other Places;Nursery School;4f4533814b9074f6e4fb0107
Professional & Other Places;Preschool;52e81612bcbc57f1066b7a45
Professional & Other Places;Private School;52e81612bcbc57f1066b7a46
Professional & Other Places;Religious School;52e81612bcbc57f1066b7a47
Professional & Other Places;Swim School;52e81612bcbc57f1066b7a44
Professional & Other Places;Social Club;52e81612bcbc57f1066b7a33
Professional & Other Places;Spiritual Center;4bf58dd8d48988d131941735
Professional & Other Places;Buddhist Temple;52e81612bcbc57f1066b7a3e
Professional & Other Places;Cemevi;58daa1558bbb0b01f18ec1eb
Professional & Other Places;Church;4bf58dd8d48988d132941735
Professional & Other Places;Confucian Temple;56aa371be4b08b9a8d5734fc
Professional & Other Places;Hindu Temple;52e81612bcbc57f1066b7a3f
Professional & Other Places;Kingdom Hall;5744ccdfe4b0c0459246b4ac
Professional & Other Places;Monastery;52e81612bcbc57f1066b7a40
Professional & Other Places;Mosque;4bf58dd8d48988d138941735
Professional & Other Places;Prayer Room;52e81612bcbc57f1066b7a41
Professional & Other Places;Shrine;4eb1d80a4b900d56c88a45ff
Professional & Other Places;Sikh Temple;5bae9231bedf3950379f89c9
Professional & Other Places;Synagogue;4bf58dd8d48988d139941735
Professional & Other Places;Temple;4bf58dd8d48988d13a941735
Professional & Other Places;Terreiro;56aa371be4b08b9a8d5734f6
Professional & Other Places;TV Station;52e81612bcbc57f1066b7a31
Professional & Other Places;Voting Booth;4cae28ecbf23941eb1190695
Professional & Other Places;Warehouse;52e81612bcbc57f1066b7a36
Professional & Other Places;Waste Facility;58daa1558bbb0b01f18ec1ac
Professional & Other Places;Wedding Hall;56aa371be4b08b9a8d5734c5
Professional & Other Places;Winery;4bf58dd8d48988d14b941735
Residence;Residence;4e67e38e036454776db1fb3a
Residence;Assisted Living;5032891291d4c4b30a586d68
Residence;Home (private);4bf58dd8d48988d103941735
Residence;Housing Development;4f2a210c4b9023bd5841ed28
Residence;Residential Building (Apartment / Condo);4d954b06a243a5684965b473
Residence;Trailer Park;52f2ab2ebcbc57f1066b8b55
Shop & Service;Shop & Service;4d4b7105d754a06378d81259
Shop & Service;ATM;52f2ab2ebcbc57f1066b8b56
Shop & Service;Adult Boutique;5267e446e4b0ec79466e48c4
Shop & Service;Antique Shop;4bf58dd8d48988d116951735
Shop & Service;Arts & Crafts Store;4bf58dd8d48988d127951735
Shop & Service;Astrologer;52f2ab2ebcbc57f1066b8b43
Shop & Service;Auto Dealership;4eb1c1623b7b52c0e1adc2ec
Shop & Service;Auto Garage;52f2ab2ebcbc57f1066b8b44
Shop & Service;Auto Workshop;56aa371be4b08b9a8d5734d3
Shop & Service;Automotive Shop;4bf58dd8d48988d124951735
Shop & Service;Baby Store;52f2ab2ebcbc57f1066b8b32
Shop & Service;Bank;4bf58dd8d48988d10a951735
Shop & Service;Bath House;52e81612bcbc57f1066b7a27
Shop & Service;Batik Shop;56aa371be4b08b9a8d5734cb
Shop & Service;Betting Shop;52f2ab2ebcbc57f1066b8b40
Shop & Service;Big Box Store;52f2ab2ebcbc57f1066b8b42
Shop & Service;Bike Shop;4bf58dd8d48988d115951735
Shop & Service;Board Shop;4bf58dd8d48988d1f1941735
Shop & Service;Bookstore;4bf58dd8d48988d114951735
Shop & Service;Bridal Shop;4bf58dd8d48988d11a951735
Shop & Service;Business Service;5453de49498eade8af355881
Shop & Service;Camera Store;4eb1bdf03b7b55596b4a7491
Shop & Service;Candy Store;4bf58dd8d48988d117951735
Shop & Service;Car Wash;4f04ae1f2fb6e1c99f3db0ba
Shop & Service;Carpet Store;52f2ab2ebcbc57f1066b8b2a
Shop & Service;Check Cashing Service;52f2ab2ebcbc57f1066b8b2d
Shop & Service;Child Care Service;5744ccdfe4b0c0459246b4c7
Shop & Service;Daycare;4f4532974b9074f6e4fb0104
Shop & Service;Chocolate Shop;52f2ab2ebcbc57f1066b8b31
Shop & Service;Clothing Store;4bf58dd8d48988d103951735
Shop & Service;Accessories Store;4bf58dd8d48988d102951735
Shop & Service;Boutique;4bf58dd8d48988d104951735
Shop & Service;Kids Store;4bf58dd8d48988d105951735
Shop & Service;Lingerie Store;4bf58dd8d48988d109951735
Shop & Service;Men's Store;4bf58dd8d48988d106951735
Shop & Service;Shoe Store;4bf58dd8d48988d107951735
Shop & Service;Women's Store;4bf58dd8d48988d108951735
Shop & Service;Comic Shop;52f2ab2ebcbc57f1066b8b18
Shop & Service;Construction & Landscaping;5454144b498ec1f095bff2f2
Shop & Service;Convenience Store;4d954b0ea243a5684a65b473
Shop & Service;Cosmetics Shop;4bf58dd8d48988d10c951735
Shop & Service;Costume Shop;52f2ab2ebcbc57f1066b8b17
Shop & Service;Credit Union;5032850891d4c4b30a586d62
Shop & Service;Currency Exchange;5744ccdfe4b0c0459246b4be
Shop & Service;Department Store;4bf58dd8d48988d1f6941735
Shop & Service;Design Studio;4bf58dd8d48988d1f4941735
Shop & Service;Discount Store;52dea92d3cf9994f4e043dbb
Shop & Service;Dive Shop;52f2ab2ebcbc57f1066b8b1a
Shop & Service;Drugstore;5745c2e4498e11e7bccabdbd
Shop & Service;Dry Cleaner;52f2ab2ebcbc57f1066b8b1d
Shop & Service;EV Charging Station;5032872391d4c4b30a586d64
Shop & Service;Electronics Store;4bf58dd8d48988d122951735
Shop & Service;Entertainment Service;56aa371be4b08b9a8d573554
Shop & Service;Event Service;5454152e498ef71e2b9132c6
Shop & Service;Fabric Shop;52f2ab2ebcbc57f1066b8b26
Shop & Service;Film Studio;56aa371be4b08b9a8d573523
Shop & Service;Financial or Legal Service;503287a291d4c4b30a586d65
Shop & Service;Fireworks Store;52f2ab2ebcbc57f1066b8b3a
Shop & Service;Fishing Store;52f2ab2ebcbc57f1066b8b16
Shop & Service;Flea Market;4bf58dd8d48988d1f7941735
Shop & Service;Floating Market;56aa371be4b08b9a8d573505
Shop & Service;Flower Shop;4bf58dd8d48988d11b951735
Shop & Service;Food & Drink Shop;4bf58dd8d48988d1f9941735
Shop & Service;Beer Store;5370f356bcbc57f1066c94c2
Shop & Service;Butcher;4bf58dd8d48988d11d951735
Shop & Service;Cheese Shop;4bf58dd8d48988d11e951735
Shop & Service;Dairy Store;58daa1558bbb0b01f18ec1ca
Shop & Service;Farmers Market;4bf58dd8d48988d1fa941735
Shop & Service;Fish Market;4bf58dd8d48988d10e951735
Shop & Service;Food Service;56aa371be4b08b9a8d573550
Shop & Service;Gourmet Shop;4bf58dd8d48988d1f5941735
Shop & Service;Grocery Store;4bf58dd8d48988d118951735
Shop & Service;Health Food Store;50aa9e744b90af0d42d5de0e
Shop & Service;Kuruyemişçi;58daa1558bbb0b01f18ec1e8
Shop & Service;Liquor Store;4bf58dd8d48988d186941735
Shop & Service;Organic Grocery;52f2ab2ebcbc57f1066b8b45
Shop & Service;Sausage Shop;56aa371be4b08b9a8d573564
Shop & Service;Street Food Gathering;53e0feef498e5aac066fd8a9
Shop & Service;Supermarket;52f2ab2ebcbc57f1066b8b46
Shop & Service;Turşucu;58daa1558bbb0b01f18ec1e5
Shop & Service;Wine Shop;4bf58dd8d48988d119951735
Shop & Service;Frame Store;52f2ab2ebcbc57f1066b8b24
Shop & Service;Fruit & Vegetable Store;52f2ab2ebcbc57f1066b8b1c
Shop & Service;Furniture / Home Store;4bf58dd8d48988d1f8941735
Shop & Service;Lighting Store;55888a5a498e782e3303b43a
Shop & Service;Gaming Cafe;4bf58dd8d48988d18d941735
Shop & Service;Garden Center;4eb1c0253b7b52c0e1adc2e9
Shop & Service;Gas Station;4bf58dd8d48988d113951735
Shop & Service;Gift Shop;4bf58dd8d48988d128951735
Shop & Service;Gun Shop;52f2ab2ebcbc57f1066b8b19
Shop & Service;Hardware Store;4bf58dd8d48988d112951735
Shop & Service;Health & Beauty Service;54541900498ea6ccd0202697
Shop & Service;Herbs & Spices Store;52f2ab2ebcbc57f1066b8b2c
Shop & Service;Hobby Shop;4bf58dd8d48988d1fb941735
Shop & Service;Home Service;545419b1498ea6ccd0202f58
Shop & Service;Hunting Supply;50aaa5234b90af0d42d5de12
Shop & Service;IT Services;52f2ab2ebcbc57f1066b8b36
Shop & Service;Insurance Office;58daa1558bbb0b01f18ec1f1
Shop & Service;Internet Cafe;4bf58dd8d48988d1f0941735
Shop & Service;Jewelry Store;4bf58dd8d48988d111951735
Shop & Service;Kitchen Supply Store;58daa1558bbb0b01f18ec1b4
Shop & Service;Knitting Store;52f2ab2ebcbc57f1066b8b25
Shop & Service;Laundromat;52f2ab2ebcbc57f1066b8b33
Shop & Service;Laundry Service;4bf58dd8d48988d1fc941735
Shop & Service;Lawyer;52f2ab2ebcbc57f1066b8b3f
Shop & Service;Leather Goods Store;52f2ab2ebcbc57f1066b8b2b
Shop & Service;Locksmith;52f2ab2ebcbc57f1066b8b1e
Shop & Service;Lottery Retailer;52f2ab2ebcbc57f1066b8b38
Shop & Service;Luggage Store;52f2ab2ebcbc57f1066b8b29
Shop & Service;Marijuana Dispensary;52c71aaf3cf9994f4e043d17
Shop & Service;Market;50be8ee891d4fa8dcc7199a7
Shop & Service;Massage Studio;52f2ab2ebcbc57f1066b8b3c
Shop & Service;Mattress Store;52f2ab2ebcbc57f1066b8b27
Shop & Service;Medical Supply Store;58daa1558bbb0b01f18ec206
Shop & Service;Miscellaneous Shop;4bf58dd8d48988d1ff941735
Shop & Service;Mobile Phone Shop;4f04afc02fb6e1c99f3db0bc
Shop & Service;Mobility Store;56aa371be4b08b9a8d57354a
Shop & Service;Motorcycle Shop;5032833091d4c4b30a586d60
Shop & Service;Motorsports Shop;59d79d6b2e268052fa2a3332
Shop & Service;Music Store;4bf58dd8d48988d1fe941735
Shop & Service;Nail Salon;4f04aa0c2fb6e1c99f3db0b8
Shop & Service;Newsstand;4f04ad622fb6e1c99f3db0b9
Shop & Service;Notary;5ae95d208a6f17002ce792b2
Shop & Service;Optical Shop;4d954afda243a5684865b473
Shop & Service;Other Repair Shop;52f2ab2ebcbc57f1066b8b2f
Shop & Service;Outdoor Supply Store;52f2ab2ebcbc57f1066b8b22
Shop & Service;Outlet Mall;5744ccdfe4b0c0459246b4df
Shop & Service;Outlet Store;52f2ab2ebcbc57f1066b8b35
Shop & Service;Paper / Office Supplies Store;4bf58dd8d48988d121951735
Shop & Service;Pawn Shop;52f2ab2ebcbc57f1066b8b34
Shop & Service;Perfume Shop;52f2ab2ebcbc57f1066b8b23
Shop & Service;Pet Service;5032897c91d4c4b30a586d69
Shop & Service;Pet Store;4bf58dd8d48988d100951735
Shop & Service;Pharmacy;4bf58dd8d48988d10f951735
Shop & Service;Photography Lab;4eb1bdde3b7b55596b4a7490
Shop & Service;Photography Studio;554a5e17498efabeda6cc559
Shop & Service;Piercing Parlor;52f2ab2ebcbc57f1066b8b20
Shop & Service;Pop-Up Shop;52f2ab2ebcbc57f1066b8b3d
Shop & Service;Print Shop;52f2ab2ebcbc57f1066b8b28
Shop & Service;Public Bathroom;5744ccdfe4b0c0459246b4c4
Shop & Service;Real Estate Office;5032885091d4c4b30a586d66
Shop & Service;Record Shop;4bf58dd8d48988d10d951735
Shop & Service;Recording Studio;52f2ab2ebcbc57f1066b8b37
Shop & Service;Recycling Facility;4f4531084b9074f6e4fb0101
Shop & Service;Rental Service;56aa371be4b08b9a8d573552
Shop & Service;Salon / Barbershop;4bf58dd8d48988d110951735
Shop & Service;Sauna / Steam Room;58daa1558bbb0b01f18ec1ae
Shop & Service;Shipping Store;52f2ab2ebcbc57f1066b8b1f
Shop & Service;Shoe Repair;52f2ab2ebcbc57f1066b8b39
Shop & Service;Shopping Mall;4bf58dd8d48988d1fd941735
Shop & Service;Shopping Plaza;5744ccdfe4b0c0459246b4dc
Shop & Service;Skate Shop;5bae9231bedf3950379f89d2
Shop & Service;Ski Shop;56aa371be4b08b9a8d573566
Shop & Service;Smoke Shop;4bf58dd8d48988d123951735
Shop & Service;Smoothie Shop;52f2ab2ebcbc57f1066b8b41
Shop & Service;Souvenir Shop;52f2ab2ebcbc57f1066b8b1b
Shop & Service;Spa;4bf58dd8d48988d1ed941735
Shop & Service;Sporting Goods Shop;4bf58dd8d48988d1f2941735
Shop & Service;Stationery Store;52f2ab2ebcbc57f1066b8b21
Shop & Service;Storage Facility;4f04b1572fb6e1c99f3db0bf
Shop & Service;Supplement Shop;5744ccdfe4b0c0459246b4cd
Shop & Service;Tailor Shop;5032781d91d4c4b30a586d5b
Shop & Service;Tanning Salon;4d1cf8421a97d635ce361c31
Shop & Service;Tattoo Parlor;4bf58dd8d48988d1de931735
Shop & Service;Thrift / Vintage Store;4bf58dd8d48988d101951735
Shop & Service;Toy / Game Store;4bf58dd8d48988d1f3941735
Shop & Service;Travel Agency;4f04b08c2fb6e1c99f3db0bd
Shop & Service;Used Bookstore;52f2ab2ebcbc57f1066b8b30
Shop & Service;Vape Store;56aa371be4b08b9a8d57355c
Shop & Service;Video Game Store;4bf58dd8d48988d10b951735
Shop & Service;Video Store;4bf58dd8d48988d126951735
Shop & Service;Warehouse Store;52e816a6bcbc57f1066b7a54
Shop & Service;Watch Shop;52f2ab2ebcbc57f1066b8b2e
Travel & Transport;Travel & Transport;4d4b7105d754a06379d81259
Travel & Transport;Airport;4bf58dd8d48988d1ed931735
Travel & Transport;Airport Food Court;4bf58dd8d48988d1ef931735
Travel & Transport;Airport Gate;4bf58dd8d48988d1f0931735
Travel & Transport;Airport Lounge;4eb1bc533b7b2c5b1d4306cb
Travel & Transport;Airport Service;56aa371be4b08b9a8d57352f
Travel & Transport;Airport Terminal;4bf58dd8d48988d1eb931735
Travel & Transport;Airport Tram;4bf58dd8d48988d1ec931735
Travel & Transport;Baggage Claim;5744ccdfe4b0c0459246b4e5
Travel & Transport;Plane;4bf58dd8d48988d1f7931735
Travel & Transport;Baggage Locker;5744ccdfe4b0c0459246b4e8
Travel & Transport;Bike Rental / Bike Share;4e4c9077bd41f78e849722f9
Travel & Transport;Boat Rental;5744ccdfe4b0c0459246b4c1
Travel & Transport;Boat or Ferry;4bf58dd8d48988d12d951735
Travel & Transport;Border Crossing;52f2ab2ebcbc57f1066b8b4b
Travel & Transport;Bus Station;4bf58dd8d48988d1fe931735
Travel & Transport;Bus Line;4bf58dd8d48988d12b951735
Travel & Transport;Bus Stop;52f2ab2ebcbc57f1066b8b4f
Travel & Transport;Cable Car;52f2ab2ebcbc57f1066b8b50
Travel & Transport;Cruise;55077a22498e5e9248869ba2
Travel & Transport;Duty-free Shop;589ddde98ae3635c072819ee
Travel & Transport;General Travel;4bf58dd8d48988d1f6931735
Travel & Transport;Heliport;56aa371ce4b08b9a8d57356e
Travel & Transport;Hotel;4bf58dd8d48988d1fa931735
Travel & Transport;Bed & Breakfast;4bf58dd8d48988d1f8931735
Travel & Transport;Boarding House;4f4530a74b9074f6e4fb0100
Travel & Transport;Hostel;4bf58dd8d48988d1ee931735
Travel & Transport;Hotel Pool;4bf58dd8d48988d132951735
Travel & Transport;Inn;5bae9231bedf3950379f89cb
Travel & Transport;Motel;4bf58dd8d48988d1fb931735
Travel & Transport;Resort;4bf58dd8d48988d12f951735
Travel & Transport;Vacation Rental;56aa371be4b08b9a8d5734e1
Travel & Transport;Intersection;52f2ab2ebcbc57f1066b8b4c
Travel & Transport;Light Rail Station;4bf58dd8d48988d1fc931735
Travel & Transport;Metro Station;4bf58dd8d48988d1fd931735
Travel & Transport;Moving Target;4f2a23984b9023bd5841ed2c
Travel & Transport;Pier;4e74f6cabd41c4836eac4c31
Travel & Transport;Port;56aa371be4b08b9a8d57353e
Travel & Transport;RV Park;52f2ab2ebcbc57f1066b8b53
Travel & Transport;Rental Car Location;4bf58dd8d48988d1ef941735
Travel & Transport;Rest Area;4d954b16a243a5684b65b473
Travel & Transport;Road;4bf58dd8d48988d1f9931735
Travel & Transport;Taxi Stand;53fca564498e1a175f32528b
Travel & Transport;Taxi;4bf58dd8d48988d130951735
Travel & Transport;Toll Booth;52f2ab2ebcbc57f1066b8b4d
Travel & Transport;Toll Plaza;52f2ab2ebcbc57f1066b8b4e
Travel & Transport;Tourist Information Center;4f4530164b9074f6e4fb00ff
Travel & Transport;Train Station;4bf58dd8d48988d129951735
Travel & Transport;Platform;4f4531504b9074f6e4fb0102
Travel & Transport;Train;4bf58dd8d48988d12a951735
Travel & Transport;Tram Station;52f2ab2ebcbc57f1066b8b51
Travel & Transport;Transportation Service;54541b70498ea6ccd0204bff
Travel & Transport;Travel Lounge;4f04b25d2fb6e1c99f3db0c0
Travel & Transport;Tunnel;52f2ab2ebcbc57f1066b8b4a